"FACULTAD DE INGENIERÍA QUÍMICA DIRECCIÓN DE ESCUELA ","UNIVERSIDAD NACIONAL DE TRUJILLO","","","","","Nro.","Profesor","Curso","T","P","L","Departamento","","","","","","","","","","","","",""
"","FACULTAD DE INGENIERÍA QUÍMICA","","","","","1","","Laboratorio de Operaciones Unitarias II","0","0","4"," Ing. Química","","","","","","","","","","","","",""
"","ESCUELA DE INGENIERÍA QUÍMICA","","","","","2","","Mod.,Simulación y Control de Procesos ","3","2","0"," Ing. Química","","","","","","","","","","","","",""
"","","","","","","3","","Procesos Industriales II","3","0","2","Ing. Química","","","","","","","","","","","","",""
""," Ciclo                           ","",": VIII","","","4","","Bioprocesos","3","2","2"," Ing. Química","","","","","","","","","","","","",""
""," Grupo                          ","",": 1(A)","","","5","","Economía d Proy. y Anális. d Costos","3","0","0"," Ing. Química","","","","","","","","","","","","",""
""," Año Académico         ","",": 2024","","","6","","Sistema Integrado de Gestión (e )","3","0","0"," Ing. Química","","","","","","","","","","","","",""
""," Semestre                    ","",": II","","","7","","","","","","","","","","","","","","","","","","",""
""," Periodo                      ","",": 09/09/2024  -  27/12/2024","","","8","","","","","","","","","","","","","","","","","","",""
"","","","","","","9","","","","","","","","","","","","","","","","","","",""
""," Director: Dr. Percy Danilo Aguilar Rojas","","","","","10","","","","","","","","","","","","","","","","","","",""
"","HORA","LUNES","MARTES","MIERCOLES","","","JUEVES","VIERNES","","","","","","","","","","","","","","","","",""
"","07 - 08","Mod.,Simulación y Control de Procesos 
(Simulación)","Laboratorio de Operaciones Unitarias II
(LOU)","Procesos Industriales II
T Aula (I - 2)","","","Procesos Industriales II
(Laboratorio)","","","","","","","","","","","","","","","","","",""
"","08 - 09","","","","","","","Econ. de Proy. y Anál. de Costos Aula (I - 2)","","","","","","","","","","","","","","","","",""
"","09 - 10","","","","",""," Bioprocesos Práctica de aula G1 Aula (Q-5)"," Bioprocesos- T
Aula (Q - 5)","","","","","","","","","","","","","","","","",""
"","10 - 11","Sistema Integrado de Gestión (e)
T Aula (Q - 3)","","","","","","","","","","","","","","","","","","","","","","",""
"","11 - 12","","Econ. de Proy. y Análisis de Costos Aula (I - 2)","ACREDITACIÓN
Q-2","",""," Bioprocesos Práctica de aula G2 Aula (Q-5)","","","","","","","","","","","","","","","","","",""
"","12 - 13","","","","","","","","","","","","","","","","","","","","","","","",""
"","TARDE","","","","","","","","","","","","","","","","","","","","","","","",""
"","14 - 15","","","Mod.,Simul. y Control de Procss G1 (Simulación)","","","","","","","","","","","","","","","","","","","","",""
"","15 - 16","","","","",""," Bioprocesos G1
(Laboratorio)","","","","","","","","","","","","","","","","","",""
"","16 - 17","","","Mod.,Simul. y Control de Procss G2 (Simulación)","","","","","","","","","","","","","","","","","","","","",""
"","17 - 18","","","","",""," Bioprocesos G2
(Laboratorio)","","","","","","","","","","","","","","","","","",""
"","18 - 19","","","Mod.,Simul. y Control de Procss G3 (Simulación)","","","","","","","","","","","","","","","","","","","","",""
"","19 - 20","","","","","","","","","","","","","","","","","","","","","","","",""