"FACULTAD DE INGENIERÍA QUÍMICA DIRECCIÓN DE ESCUELA ","UNIVERSIDAD NACIONAL DE TRUJILLO","","","","","Nro.","Docente","Curso","T","P","L","Departamento","","",""
"","FACULTAD DE INGENIERÍA QUÍMICA","","","","","1","Ms. Patricia Carranza Vílchez","Materiales de Ingeniería ","3","0","0","Química","","",""
"","ESCUELA DE INGENIERÍA QUÍMICA","","","","","2","Ms. Rosa Elizabeth Nomberto Torres","Termodinámica I","3","2","0","Ing. Química","","",""
"","","","","","","3","Dr. Guillermo David Evangelista Benites","Transferencia de Calor","3","2","0","Ing. Química","","",""
""," Ciclo                           ","",": V","","","4","Ms. Paul Henry Esquerre Pereyra","Mecánica de Fluidos ","3","2","0","Ing. Química","","",""
""," Grupo                          ","",": 1(A)","","","5","Ms. Jorge Daniel Torres Alvarez","Electricidad Aplicada","2","0","2","Física","","",""
""," Año Académico         ","",": 2026","","","6","Dr. Noe Ildefonso Costilla Sánchez","Química Analítica","2","0","4","Química","","",""
""," Semestre                    ","",": I","","","7","","","","","","","","",""
""," Periodo                      ","",": 13/04/2026 al 08/05/2026","","","8","","","","","","","","",""
"","","","","","","9","","","","","","","","",""
"","                                 Director: Dr. Nelson Willians Farro Pérez","","","","","10","","","","","","","","",""
"","HORA","LUNES","MARTES","MIERCOLES","","","JUEVES","VIERNES","","","","","","",""
"","07:00 - 08:00","Mecánica Fluidos  
(Teoría) (Q-4)","Química Analítica
(Teoría) (Q-5)","Mecánica Fluidos
(Práctica - G1) (Q-2)","","","Termodinámica I
(Teoría) (I-5)","Termodinámica I                  
 (Práctica - G1) (I-5)","","","","","","",""
"","08:00 - 09:00","","","","","","","","","","","","","",""
"","09:00 - 10:00","","Transferencia de Calor
(Práctica -  G1) (Lab. Simul)","Mecánica Fluidos
(Práctica - G2)  (Q-2)","","","","Termodinámica I                 
 (Práctica - G2) (I-5)","","","","","","",""
"","10:00 - 11:00","Transferencia de Calor 
(Teoría) (Lab. Simulación)","","","","","Materiales de Ingeniería 
(Q-4)","","","","","","","",""
"","11:00 - 12:00","","Transferencia de Calor
(Práctica - G2) (Lab Simul)","Electricidad Aplicada
(Teoría) (Q-5)","","","","Termodinámica I                
 (Práctica - G3) (I-5)","","","","","","",""
"","12:00 - 01:00","","","","","","","","","","","","","",""
"","TARDE","","","","","","","","","","","","","",""
"","02:00 - 03:00","","","","","","Química Analítica
(Laboratorio - G3)","","","","","","","",""
"","03:00 - 04:00 ","","Química Analítica 
(Laboratorio - G1)","Química Analítica
(Laboratorio - G2)","","","","","","","","","","",""
"","04:00 - 05:00","Electricidad Aplicada  
  (Laboratorio - G1)","","","","","","","","","","","","",""
"","05:00 - 06:00","","","","","","","","","","","","","",""
"","06:00 - 07:00","Electricidad Aplicada    
 (Laboratorio - G2)","","","","","","","","","","","","",""
"","07:00 - 08:00","","","","","","","","","","","","","",""
"","08:00 - 09:00","","","","","","","","","","","","","",""