"FACULTAD DE INGENIERÍA QUÍMICA DIRECCIÓN DE ESCUELA ","UNIVERSIDAD NACIONAL DE TRUJILLO","","","","","Nro.","Docente","Curso","T","P","L","Departamento",""
"","FACULTAD DE INGENIERÍA QUÍMICA","","","","","1","NO HAY SECCIÓN B","Prácticas Pre-Profesionales","0","20","0","Ing. Química",""
"","ESCUELA DE INGENIERÍA QUÍMICA","","","","","2","Ms. Paul Henry Esquerre Pereyra","Diseño de Plantas Químicas","3","2","2","Ing. Química",""
"","","","","","","3","Dr. Pedro Quiñones Paredes","Seminario de Tesis I","2","2","0","Ing. Química",""
""," Ciclo                           ","",": IX","","","4","Dr. Antonio Manuel Otoya Zelada","Desarrollo y Evaluación de Proyectos","2","2","0","Ing. Química",""
""," Grupo                          ","",": 2(B)","","","5","","","","","","",""
""," Año Académico         ","",": 2026","","","6","","","","","","",""
""," Semestre                    ","",": I","","","7","","","","","","",""
""," Periodo                      ","",": 13/04/2026 al 08/05/2026","","","8","","","","","","",""
"","","","","","","9","","","","","","",""
"","                                 Director: Dr. Nelson Willians Farro Pérez","","","","","10","","","","","","",""
"","HORA","LUNES","MARTES","MIERCOLES","","","JUEVES","VIERNES","","","","",""
"","07:00 - 08:00","","","","","","","","","","","",""
"","08:00 - 09:00","","","","","","","","","","","",""
"","09:00 - 10:00","","Seminario de Tesis I 
(Teoría) (Q-5)","","","","","","","","","",""
"","10:00 - 11:00","","","","","","","","","","","",""
"","11:00 - 12:00","","","ACREDITACIÓN
(Q - 2) ","","","","","","","","",""
"","12:00 - 01:00","","","","","","","","","","","",""
"","TARDE","","","","","","","","","","","",""
"","02:00 - 03:00","Diseño de Plantas Químicas
(Teoría) (Q-4)","Diseño de Plantas Químicas
(Práctica - G2) (Q-4)","Seminario de Tesis I
(Práctica - G1) (I-5)","","","Desarrollo y Evaluación de Proyectos  
(Teoría) (Q-1)","Seminario de Tesis I 
(Práctica - G2) (I-5)","","","","",""
"","03:00 - 04:00 ","","","","","","","","","","","",""
"","04:00 - 05:00","","","Diseño de Plantas Químicas
(Laboratorio - G1) (I-1)","","","Desarrollo y Evaluación de Proyectos  
   (Práctica) (Q-1)
","","","","","",""
"","05:00 - 06:00","Diseño de Plantas Químicas
(Prácticas - G1) 
  (Q-4)
","","","","","","","","","","",""
"","06:00 - 07:00","","","Diseño de Plantas Químicas
(Laboratorio - G2) (I-1)","","","","","","","","",""
"","07:00 - 08:00","","","","","","","","","","","",""
"","08:00 - 09:00","","","","","","","","","","","",""